Map key,Community Area,Total Population,ACS Black or African American (%),ACS Hispanic or Latino (%),ACS White non-Hispanic (%),ACS Asian (%)
ALBANY PARK,ALBANY PARK,47830,4.658164332009199,44.13129834831695,33.692243361906755,14.894417729458498
ARCHER HEIGHTS,ARCHER HEIGHTS,13875,0.07207207207207207,79.97837837837838,14.724324324324325,4.8936936936936934
ARMOUR SQUARE,ARMOUR SQUARE,13149,11.308844779070652,4.296904707582326,16.92904403376683,63.8983953152331
ASHBURN,ASHBURN,42842,42.30428084589889,46.48942626394659,8.809112553102096,1.017692918164418
AUBURN GRESHAM,AUBURN GRESHAM,46483,93.39758621431491,3.392638168792892,1.056300152744014,0.8583783318632618
AUSTIN,AUSTIN,100278,73.39795368874529,19.536688007339595,5.371068429765253,0.676120385328786
AVALON PARK,AVALON PARK,9492,94.01601348504003,0.5056890012642226,0.28445006321112515,0.6847871892119679
AVONDALE,AVONDALE,36350,2.5502063273727646,51.18569463548831,37.738651994497936,4.814305364511692
BELMONT CRAGIN,BELMONT CRAGIN,73988,4.554792669081473,77.73017246039899,14.572633400010812,2.6206952478780345
BEVERLY,BEVERLY,19811,33.67321185200141,7.011256372722224,55.39346827520064,0.8883953359244865
BRIDGEPORT,BRIDGEPORT,33012,3.0019386889615896,20.83787713558706,34.332969829153036,40.08845268387253
BRIGHTON PARK,BRIGHTON PARK,42360,2.211992445703494,79.75684608120869,7.537771482530689,10.365911237016052
BURNSIDE,BURNSIDE,2229,90.04037685060565,4.8452220726783315,1.794526693584567,0.0
CALUMET HEIGHTS,CALUMET HEIGHTS,12078,94.96605398244743,4.123199205166419,0.23182646133465806,0.1407517800960424
CHATHAM,CHATHAM,31440,94.51017811704835,2.490458015267176,1.0687022900763359,0.3530534351145038
CHICAGO LAWN,CHICAGO LAWN,52245,37.62656713561106,58.20078476409226,2.187769164513351,0.5206239831562829
CLEARING,CLEARING,24710,1.9668150546337515,60.18615944961554,36.14730878186968,0.7203561311210037
DOUGLAS,DOUGLAS,18629,66.56288582317892,7.601052123033979,10.961404262171882,10.768157174298137
DUNNING,DUNNING,42548,2.991915013631663,34.34474005828711,55.45031493842249,5.758202500705086
EAST GARFIELD PARK,EAST GARFIELD PARK,19855,85.17250062956434,7.731050113321582,5.691261646940317,0.17627801561319567
EAST SIDE,EAST SIDE,23629,1.5447120064327733,86.66892378010073,11.219264463159677,0.6178848025731093
EDGEWATER,EDGEWATER,47484,11.970347906663296,16.333923005644007,54.626821666245476,12.054586808188022
EDISON PARK,EDISON PARK,11398,0.43867345148271625,14.678013686611685,80.38252324969292,1.5616774872784698
ENGLEWOOD,ENGLEWOOD,21337,91.3905422505507,5.220977644467357,1.2935276749308713,0.7826779772226647
FOREST GLEN,FOREST GLEN,19763,0.9765723827354147,10.79289581541264,73.51110661336841,11.081313565754188
FULLER PARK,FULLER PARK,2186,84.62946020128088,10.612991765782251,3.9341262580054894,0.32021957913998167
GAGE PARK,GAGE PARK,34650,4.04906204906205,92.30880230880231,2.8715728715728717,0.7619047619047619
GARFIELD RIDGE,GARFIELD RIDGE,36265,3.2620984420239902,55.79760099269267,38.27106025093065,1.6407003998345513
GRAND BOULEVARD,GRAND BOULEVARD,24808,88.46742986133506,3.2610448242502423,5.224121251209287,0.8223153821347952
GREATER GRAND CROSSING,GREATER GRAND CROSSING,29052,94.74046537243564,2.6022304832713754,1.0463995594107118,0.2547156822249759
HEGEWISCH,HEGEWISCH,8895,13.783024170882518,48.690275435638,36.37998875772906,0.6632939853850478
HERMOSA,HERMOSA,23200,4.685344827586206,80.07758620689656,12.35344827586207,3.0258620689655173
HUMBOLDT PARK,HUMBOLDT PARK,55015,36.042897391620464,49.78460419885486,11.793147323457239,2.426610924293375
HYDE PARK,HYDE PARK,24092,25.498090652498757,7.313631080856715,44.84891250207538,15.619292711273452
IRVING PARK,IRVING PARK,53535,3.872233118520594,38.54861305687868,45.16297749136079,9.494723078359952
JEFFERSON PARK,JEFFERSON PARK,26991,2.5749323848690304,25.141713904634877,56.852284094698234,12.59308658441703
KENWOOD,KENWOOD,14368,68.14448775055679,2.665645879732739,19.515590200445434,4.851057906458797
LAKE VIEW,LAKE VIEW,90652,4.316507082027975,9.904911088558443,74.77386047743018,7.044521907955699
LINCOLN PARK,LINCOLN PARK,62067,3.678283145632945,6.886106948942272,79.07261507725522,6.958609244848309
LINCOLN SQUARE,LINCOLN SQUARE,42180,3.847795163584637,19.703651019440493,61.10953058321479,10.30109056424846
LOGAN SQUARE,LOGAN SQUARE,71354,6.103371920284777,34.7674972671469,51.25150657286207,4.686492698377106
LOOP,LOOP,38284,8.14961863964058,11.224010030299864,53.73785393375823,23.11409466095497
LOWER WEST SIDE,LOWER WEST SIDE,34177,3.2712057816660325,69.28343622904293,21.391579132164907,4.184100418410042
MCKINLEY PARK,MCKINLEY PARK,15400,2.2012987012987013,55.02597402597402,14.311688311688311,27.805194805194805
MONTCLARE,MONTCLARE,13755,6.703017084696474,54.63467829880043,34.045801526717554,3.2424572882588145
MORGAN PARK,MORGAN PARK,21288,59.98684704998121,4.608229988726043,30.463171739947388,0.9911687335588125
MOUNT GREENWOOD,MOUNT GREENWOOD,19107,1.8003872926152718,9.598576437954677,83.95352488616737,1.0572041660124563
NEAR NORTH SIDE,NEAR NORTH SIDE,91635,7.02133464287663,7.272330441425219,68.42581982866808,13.481748240301194
NEAR SOUTH SIDE,NEAR SOUTH SIDE,26307,25.042764283270614,5.070893678488615,50.63291139240506,14.558862660128483
NEAR WEST SIDE,NEAR WEST SIDE,65370,24.627504971699558,10.370200397735964,43.26449441639896,17.745143031971853
NEW CITY,NEW CITY,40843,20.679186151849766,66.86825159758098,9.881742281419093,2.4263643708836278
NORTH CENTER,NORTH CENTER,35782,2.531999329271701,12.620870828908389,73.04231177687105,6.327203621932815
NORTH LAWNDALE,NORTH LAWNDALE,30355,79.18300115302257,14.537967385933126,5.317081205732169,0.194366661176083
NORTH PARK,NORTH PARK,19259,2.762344877719508,17.6436990497949,44.54021496443221,31.455423438392437
NORWOOD PARK,NORWOOD PARK,40074,1.285122523331836,19.468982382592202,69.83580376303838,7.00953236512452
OAKLAND,OAKLAND,4373,90.23553624514064,2.995655156643037,3.544477475417333,1.1662474273953807
OHARE,OHARE,16281,6.627357041950741,18.50623426079479,57.84656962103065,13.7399422639887
PORTAGE PARK,PORTAGE PARK,64201,1.8239591283624865,42.86537592872385,46.66126695845859,6.129188018878211
PULLMAN,PULLMAN,6851,77.2587943365932,8.159392789373813,12.377755072252226,0.07298204641658153
RIVERDALE,RIVERDALE,7740,95.15503875968993,3.255813953488372,0.23255813953488372,0.0
ROGERS PARK,ROGERS PARK,53169,25.58257631326525,19.93454832703267,43.55545524647821,5.172186800579285
ROSELAND,ROSELAND,37660,95.33988316516198,1.858736059479554,1.4046733935209772,0.2257036643653744
SOUTH CHICAGO,SOUTH CHICAGO,29072,75.49532195927353,19.276279581728122,3.2574298293891033,0.42996697853604837
SOUTH DEERING,SOUTH DEERING,15100,64.36423841059603,31.17218543046358,4.516556291390728,0.006622516556291391
SOUTH LAWNDALE,SOUTH LAWNDALE,69554,12.035253184576012,81.93921269804756,5.3785547919602035,0.871265491560514
SOUTH SHORE,SOUTH SHORE,46276,93.65329760567033,3.1614659866885644,2.3035698850376005,0.3457515774915723
UPTOWN,UPTOWN,52674,20.594600751794054,14.348635000189846,52.088316816645786,9.554998671071116
WASHINGTON HEIGHTS,WASHINGTON HEIGHTS,26310,96.54503990877993,0.9426073736221969,1.467122767008742,0.09122006841505131
WASHINGTON PARK,WASHINGTON PARK,12362,94.57207571590358,1.3832713153211453,1.8605403656366284,0.0
WEST ELSDON,WEST ELSDON,18201,0.7032580627438053,81.20982363606394,14.31789462117466,3.7800120872479535
WEST ENGLEWOOD,WEST ENGLEWOOD,25971,79.07666243117323,17.996996650109736,1.0088175272419235,0.3195872319125178
WEST GARFIELD PARK,WEST GARFIELD PARK,16345,92.05873355766289,5.3716732945855,2.122973386356684,0.07341694707861732
WEST LAWN,WEST LAWN,32451,2.862777726418292,84.04979815722166,12.264645157314105,0.7858001294259037
WEST PULLMAN,WEST PULLMAN,25159,89.1370881195596,7.37708176000636,1.148694304225128,0.0
WEST RIDGE,WEST RIDGE,79220,11.752082807371876,22.12951274930573,39.74501388538248,21.07548598838677
WEST TOWN,WEST TOWN,86453,6.985298370212717,19.778376690224746,63.0458168021931,5.943113599296727
WOODLAWN,WOODLAWN,24437,77.60772598927855,3.204157629823628,9.976674714572164,3.547898678233826
