Map key,Name,GEOID,HIV cases 2019,HIV cases 2020,HIV cases 2021,HIV cases 2022,HIV cases 2023,Unemployment rate (%),Hardship index,Poverty rate (%),Median household income,Per capita income,Uninsured rate (%),Preventive care: routine checkup (%),Primary care provider (%),Overcrowded housing (%),Eviction rate (%),Rent-burdened households (%),Environmental justice impact (%),PM2.5 concentration,Smoking prevalence (%),Physical inactivity (%),Obesity rate (%)
ROGERS PARK,Rogers Park,1,15.0,22.0,24.0,22.0,29.0,7.062080766732763,52.92470369529401,17.47696468954671,63293.40698066556,40324.95726806083,13.73767246223366,61.814514182,73.686966865,4.62902406119497,0.5869161573073937,47.85032855702174,0.0,8.664522759815895,12.813936759,28.643760564,29.621429724
NORWOOD PARK,Norwood Park,10,,,,,,4.293920714614606,30.50422292942487,5.366861420925904,114149.65984846,52389.36930003792,3.445159327457556,87.643602191,88.486243956,1.350792998817552,0.4001325322955745,41.17666218132518,0.0,9.004154815334369,4.9037303174,27.945806489,22.483415622
JEFFERSON PARK,Jefferson Park,11,,,,0.0,,5.153657456907196,30.91804574579658,5.58079121711678,97374.54676004623,49676.47738960594,6.325282915442945,71.996947265,77.95192877,2.471265331856028,0.5610073506358747,45.13017147300245,0.0,8.994515812531844,9.5521939476,23.675622839,29.114070578
FOREST GLEN,Forest Glen,12,0.0,0.0,0.0,,0.0,4.04950694833123,15.92976996167712,4.750916408479354,139311.0251771062,70943.73852893911,5.680226949314051,81.740413493,91.842750587,1.493238430522649,0.8898550211788571,35.81521769695222,0.0,8.906693833922677,,18.627435973,23.222620709
NORTH PARK,North Park,13,,0.0,,,,4.138091463114679,63.75576033647555,16.9376506916843,68716.37674567565,38549.46020346622,9.353706435596159,70.498270367,90.966624875,5.293248152637732,0.3113183376751552,41.48331962610962,0.0,8.908190318938928,8.4915725884,16.404830071,27.881574183
ALBANY PARK,Albany Park,14,5.0,6.0,13.0,9.0,18.0,6.954590074305177,57.55080244474001,11.9896188772753,87083.51175687861,43335.09060296298,19.25551713953562,83.437610368,85.529244324,3.992584788732052,0.5112470291432398,39.27352906075649,0.0,8.970502350092325,10.688439261,28.683943453,29.571025639
PORTAGE PARK,Portage Park,15,10.0,6.0,9.0,,7.0,4.875971632738101,46.91842828063879,10.7544377128132,92328.88122555522,43196.38256380161,11.60393909216896,72.444896428,84.782465072,3.335124523199203,0.6273990663594018,45.25157236339088,0.0,9.08838752964843,4.4233576458,32.011371734,46.674159207
IRVING PARK,Irving Park,16,5.0,,6.0,13.0,5.0,6.57176191898947,41.09838533241461,10.71224587049199,93122.02124928293,54919.94076035927,9.041553558260285,68.000679361,70.159617495,2.921327965719506,0.6080409471635476,40.742602209073,7.510650632,9.029941029931805,7.9630651491,28.72429838,29.290471157
DUNNING,Dunning,17,,,0.0,,6.0,5.32639216445607,47.14230675643302,9.001393344336929,88162.72773993322,43120.50938057176,8.686746917429474,85.156456214,88.397949127,2.967245841195755,0.5047144973236669,41.53666503387799,0.0,9.169997398774296,3.2002258178,29.319988833,36.964782465
MONTCLARE,Montclare,18,,,,,,6.036684040362003,71.00501997849919,14.59881421725041,73308.6421283585,31233.73288468904,8.975400834726997,73.91400875,89.436237274,3.947452487204883,1.022917840132386,52.78422368839395,0.0,9.227691777187314,3.9004226755,40.862540481,46.652645265
BELMONT CRAGIN,Belmont Cragin,19,14.0,8.0,6.0,19.0,17.0,5.701190118302562,82.17155704088482,15.7977163275999,69937.27463039989,26727.0421724634,17.88148432703172,68.974566349,76.85966669,7.640908821024091,0.5652790974194795,52.38907622944469,12.75132458,9.194716214177577,7.084037853,45.565281373,43.60875636
WEST RIDGE,West Ridge,2,17.0,10.0,12.0,14.0,26.0,7.47107715857857,76.07165815255526,19.41032557231588,71334.90396562577,34945.22512363276,14.44860443839106,76.28250627,84.438171962,8.466949190087513,0.6912194538682278,48.53774523729338,0.0,8.760562678355678,11.951055993,33.725138153,35.077570304
HERMOSA,Hermosa,20,,,,8.0,10.0,5.306315315156162,77.96793524573552,13.6749811034914,70459.88115335886,29141.09391259427,17.79703968857291,72.955841096,63.998937672,7.471679749922925,0.5064709238091933,42.0950671187658,41.48000674,9.162330315130038,8.1485997362,47.116872667,32.556876526
AVONDALE,Avondale,21,5.0,,6.0,,7.0,5.982533818942119,41.34885071534178,13.21000144790123,91966.21809322323,51235.8985335033,12.52526094414998,75.673676997,76.79007623,2.085950546697874,0.4041735414759114,36.37504380816162,26.50957916,9.066369190202975,7.0893756186,25.721986631,30.338386336
LOGAN SQUARE,Logan Square,22,8.0,10.0,8.0,,12.0,4.507461303471151,18.48488741807935,10.53203658207068,111832.8955409376,72563.30814273265,7.403285405125436,65.9295662,76.037454609,1.652923249560409,0.2271449769564804,32.56211335466035,0.0,9.10531915677894,9.896564652,13.99795241,13.048482956
HUMBOLDT PARK,Humboldt Park,23,18.0,7.0,8.0,22.0,20.0,10.57349309542279,82.76737663005562,26.77280963241534,58409.06709282054,27962.4443201642,18.12299017748335,82.672355089,80.762224523,5.852971605170504,0.9408706110988063,55.36104459092911,68.62443285,9.238760723260768,13.690931808,42.362204513,47.693013238
WEST TOWN,West Town,24,12.0,11.0,15.0,14.0,12.0,3.909625634532766,7.822825690390688,8.113390296034744,141145.3763351972,94349.66957071632,4.635991884963326,71.557323464,75.450865549,1.516799171390424,0.2711564810763757,31.00010577099778,0.0,9.151376156253132,6.7925453278,15.19908204,18.513276843
AUSTIN,Austin,25,28.0,32.0,30.0,35.0,19.0,15.17390838831435,85.46915078802289,23.39915665489515,51826.85140200681,25293.09143003252,11.42449882935585,77.917394964,79.886673197,5.226146459233318,1.911662374005011,57.7308752035828,74.60585595,9.315836640988472,18.293970998,50.719827352,49.353446523
WEST GARFIELD PARK,West Garfield Park,26,7.0,5.0,,,9.0,19.4287137608685,91.05035177099343,30.58334370555035,43272.6538877347,21332.53896760687,10.03029347530088,77.877196934,74.337808672,3.775234251761467,2.085531154256838,62.52034614091671,100.0,9.337613075619556,24.691520431,48.709565679,40.106835175
EAST GARFIELD PARK,East Garfield Park,27,6.0,,8.0,7.0,12.0,18.38435535713922,92.15091871348717,37.25619502213175,39861.33380472806,24331.60038421928,10.11956993808901,67.509995399,78.921052197,7.12521370979765,1.37350745633043,59.21455287152654,100.0,9.293395573265046,24.483694999,36.81063934,46.106828415
NEAR WEST SIDE,Near West Side,28,23.0,17.0,14.0,18.0,25.0,6.955009320884012,28.69022177702372,16.11346691533137,116881.2324070203,86801.38424015904,4.111327599712727,76.18556014,78.70489049,3.068327696118166,0.440881507008283,35.56408919274665,13.84953186,9.23300603940445,11.169556181,17.522772915,22.150837704
NORTH LAWNDALE,North Lawndale,29,10.0,20.0,25.0,13.0,11.0,15.04293422253983,87.84718517115365,31.61236996006469,47668.10082032593,24256.83540872096,14.51920039923696,88.809461049,89.788126357,6.248700482051055,2.18979136247217,56.94714779337647,97.51054681,9.375797321419702,19.263114379,45.478145358,47.402279104
UPTOWN,Uptown,3,33.0,35.0,24.0,27.0,49.0,4.841640151547922,35.40665771312865,18.63556125276249,73109.52685334624,55561.67648224392,11.45486156850048,81.522328402,80.389393265,2.485183305219201,0.5097939379967249,45.20489443493117,0.0,8.837164466765898,15.623611536,23.92863824,25.744233722
SOUTH LAWNDALE,South Lawndale,30,16.0,12.0,8.0,11.0,18.0,6.753135122822839,87.14971845215106,19.68470438939669,58666.08009178724,22871.32621135217,15.58444783320696,70.629001393,71.832604219,9.097212334444624,0.5256745762343393,45.73656516556176,100.0,9.425200393360331,6.919136346,43.31564596,43.527834189
LOWER WEST SIDE,Lower West Side,31,0.0,5.0,7.0,6.0,14.0,7.019490984655156,66.07942865107157,17.0483244470296,76947.75654793243,44023.52889792536,12.01121931288012,75.143678464,74.496752225,4.278433553019573,0.3207035247980545,34.23125728085807,24.72275036,9.319188897553458,8.8699147127,25.408481803,28.67572083
LOOP,Loop,32,,,,5.0,26.0,5.238972040056237,6.880907991843654,11.14588242130509,119221.5840968531,100583.8004627917,4.812198225493473,70.120540271,82.013451846,3.234246786449537,0.5019509353096298,45.08674271183696,0.0,9.141709164301863,8.5318690473,17.108921648,14.588783511
NEAR SOUTH SIDE,Near South Side,33,,,,,,4.177664994071275,4.347421491892502,9.13743479542562,122423.5064964616,91321.74296604426,2.177517129860032,78.408808227,81.94656263,2.345711112477228,1.012516494578098,47.23246115075042,0.0,9.214116697608219,7.4675673439,18.224773807,18.128723566
ARMOUR SQUARE,Armour Square,34,0.0,,,0.0,,10.54661554234799,87.71355007278783,23.4728128007495,45651.44933519941,30817.58363333983,9.579466326609927,74.140283566,86.815496197,7.396491819705772,0.2063935248147385,46.63313815629675,72.96617804,9.281540375880446,12.858131108,46.967764365,13.012542201
DOUGLAS,Douglas,35,6.0,,6.0,7.0,15.0,16.75969608070401,74.92314380013363,25.07047708959416,60402.6353356295,36232.67029563327,7.146685014566087,83.62289102,83.90114361,4.471048030888629,1.587723639411871,45.11379932804225,14.29718964,9.272382927471611,9.6049428098,40.179490958,35.693730837
OAKLAND,Oakland,36,,,,,,13.65771767742935,78.94747122365531,37.55064414011809,32240.5875116204,39035.70808882052,7.489686075409189,83.276375838,82.716081794,1.78870769228109,1.969359955027393,61.12371449457795,0.0,9.262948290007818,19.931285292,41.237608141,45.244557652
FULLER PARK,Fuller Park,37,,,0.0,0.0,0.0,22.29072732815261,96.8884611449431,56.09245260275183,22023.81053747795,17092.36867957422,3.742695033412809,76.007274292,77.109899682,1.988507426486603,0.575473618592184,53.65617874484166,100.0,9.376566954967226,34.739671707,42.940926529,42.774727617
GRAND BOULEVARD,Grand Boulevard,38,14.0,13.0,12.0,9.0,10.0,16.11953483600281,77.7903869241361,26.07554221099235,58522.89942984056,39264.20222378487,7.841817206512197,85.506958689,84.95470014,2.079187024954825,1.312664765073987,53.88982888442439,16.04802478,9.333129178252852,14.855559232,28.772098241,48.599263157
KENWOOD,Kenwood,39,8.0,,8.0,9.0,9.0,12.46665709324764,52.50851773823079,22.80303404528529,73799.33922476385,66621.80991074372,5.062417598111015,80.892540311,81.685038162,2.405449088469034,1.446044631392247,51.12818345628641,0.0,9.288214700715212,13.783757288,27.451058482,25.05301611
LINCOLN SQUARE,Lincoln Square,4,,,6.0,6.0,8.0,5.324840155943527,23.19270212530646,9.492826160611601,91363.09353886107,63201.96088038953,8.303656049419352,66.152012137,76.713559572,2.133095014683647,0.1746792055652372,42.33698023853368,0.0,8.869243711684517,,15.446608359,25.41121372
WASHINGTON PARK,Washington Park,40,10.0,11.0,6.0,,7.0,16.98125777429173,89.9155296144411,41.06961902426039,37542.62252253063,22463.41567019801,8.136931834915348,80.689774163,68.047114431,2.979347541653453,2.293944447722499,53.12875356559323,0.0,9.391484314253578,18.585286672,48.09581203,50.632652993
HYDE PARK,Hyde Park,41,7.0,,,7.0,6.0,6.831340322978914,28.51625491869869,18.88184959733113,77008.65152391497,61926.51199189026,3.77306832601917,75.453851707,76.489236188,1.17563245493427,0.9423508031477686,56.91613239373115,0.0,9.32135687389503,10.870726345,10.385133028,22.387003664
WOODLAWN,Woodlawn,42,9.0,,6.0,11.0,17.0,12.84490984345493,78.20454863918856,32.36085607108944,42469.38244910356,27910.70874008586,8.413115791334747,77.886205201,84.427422847,1.218335720750405,1.989191890181164,51.75966014871867,0.0,9.377276278274136,15.609705238,31.109548065,34.884354299
SOUTH SHORE,South Shore,43,29.0,25.0,39.0,21.0,32.0,15.54278904163221,82.90628362558722,28.54911985536155,45587.39593045897,30825.76879724629,8.337641764746516,80.816542045,78.473624015,3.647680586152096,2.771317678771667,52.61337884464278,13.00884007,9.370737111332815,15.347840706,44.242094332,35.944791906
CHATHAM,Chatham,44,15.0,17.0,11.0,5.0,12.0,16.41671588391334,77.61276311075105,24.34476439737445,48332.46061953288,31740.20915054707,9.152977610616535,82.714173778,87.596656071,2.175001156851299,2.682393817235711,60.07380499642449,68.14238343,9.53426704343865,12.375386144,30.663221789,43.259257819
AVALON PARK,Avalon Park,45,,,0.0,,5.0,13.72072891190923,65.86539945795128,10.37790970096969,60547.83129661174,35596.84833525014,8.730207649736252,83.663773686,84.38968044,0.3195676451770839,1.443483581615352,44.38520803141449,65.17232176,9.461018949451542,17.763979247,31.324482362,44.040597905
SOUTH CHICAGO,South Chicago,46,7.0,10.0,11.0,5.0,11.0,15.40251658651196,86.25358838963794,29.47648220307855,45124.71781639679,26323.95464375231,11.7968403117634,85.112724064,69.502285947,4.626993987827239,2.502221007092567,57.95913149453623,15.67486013,9.369249388142492,9.7548142109,36.939710841,42.859149221
BURNSIDE,Burnside,47,,,,,5.0,18.81423454559678,92.69707314499728,26.81236711055137,47058.44498363915,30126.04456925908,6.203992257871379,82.059468003,87.417631087,0.006191629964809711,0.881236741048134,32.8178240255891,100.0,9.529792156785073,14.480268818,52.87154854,41.879526504
CALUMET HEIGHTS,Calumet Heights,48,,,,,,11.91542953986366,66.50598948630285,17.59104477002359,65397.43058496081,41184.39814270069,5.011699521077307,86.405512361,84.56319621,0.220442870997613,0.8352620726449711,55.41814933351331,0.0,9.467882647394802,17.701056356,35.811621615,50.840534115
ROSELAND,Roseland,49,19.0,10.0,17.0,14.0,24.0,17.828232121679,81.71987231186894,22.68578285705846,54361.76853057851,26732.84559966362,9.839160246227458,79.809337217,89.041994278,2.040333861814402,1.829107540848658,59.48555682470341,75.36263171,9.62368343804608,18.565759716,49.55995606,58.040328066
NORTH CENTER,North Center,5,,0.0,,,6.0,3.914636298924636,4.303042350440022,5.046811823019723,147701.1979160562,89577.64973706401,3.287811467566021,80.606926564,85.103957281,0.2371050681927214,0.1575027921984157,29.79066945410487,0.0,8.975682352797298,,10.192612058,18.767149805
PULLMAN,Pullman,50,,8.0,0.0,0.0,,13.38639573570669,74.5825483924615,17.15523142671044,62495.27857437895,33622.05974881598,4.893640810983967,67.187838995,85.504812035,2.10770193025006,0.7486855896027639,49.48958256778623,76.72527823,9.588253814000096,7.5653471766,34.640820334,56.35027051
SOUTH DEERING,South Deering,51,,,,,7.0,16.05438057010707,86.71758227037435,30.91562684284855,47962.69064449837,23786.97359699418,9.999964274083759,89.991966327,78.428786368,2.370215127158392,1.062767249098326,58.91303787740322,100.0,9.570696366065144,25.005270244,40.052584434,51.213260654
EAST SIDE,East Side,52,,,0.0,,,11.03781988979944,83.90627290777324,19.46646200990821,63386.10444229026,26589.85796581866,13.69793337804753,83.330362223,78.867296755,5.397595514820473,0.4070825804434335,40.18177213389988,15.25095447,9.441940147433955,8.9395019085,47.562334858,43.512201026
WEST PULLMAN,West Pullman,53,12.0,8.0,12.0,7.0,7.0,18.76254188390867,82.77724018348054,23.49237289543014,54295.78081994608,25608.58176733246,8.992295856955675,87.455974359,87.904899537,3.443927369729413,2.241158881668016,57.14697122090418,24.38148549,9.726024245014925,9.9335683214,41.636580263,49.639178347
RIVERDALE,Riverdale,54,,0.0,,,,30.11091673146149,99.34823816379951,61.59749285602138,16946.24621470148,14900.17700648124,7.450473867841018,90.942005138,81.167477065,9.520530401282993,3.50844909006515,43.06001490612542,100.0,9.724582701428245,21.375099872,41.048295161,45.815165013
HEGEWISCH,Hegewisch,55,0.0,0.0,,,,9.137917477135472,68.39292712804114,9.820789386820765,61745.59921503178,33795.04474929946,7.103157240850163,75.48496053,86.515897318,1.822671897206576,2.763027610765909,36.2025549016946,0.0,9.638421407958193,25.035411625,25.9193363,45.458878104
GARFIELD RIDGE,Garfield Ridge,56,,6.0,,,,3.773175683724423,51.65655041893365,6.900916818973424,93530.6963911605,40220.81666252722,8.41626119590709,82.876786733,86.206344179,3.131307281908355,0.4094663707704079,51.00145115638338,54.75036727,9.581984008566828,3.4524140449,33.627321064,38.678188906
ARCHER HEIGHTS,Archer Heights,57,,,,0.0,,11.78087344535356,87.43699612968422,10.57630970790641,67121.40569175016,27658.44877528359,17.00226209299248,70.181348804,86.544345806,10.86854199602194,0.4772074538889923,55.13987872576374,81.45816671,9.515035380879596,,35.641563038,38.649054624
BRIGHTON PARK,Brighton Park,58,8.0,,,,5.0,8.01910978050667,84.52959529684746,17.79442022561337,64056.54429097031,26502.55308762671,16.59720540484371,71.223288846,81.32610133,8.55759874416546,0.6366716616328932,39.52189846060002,87.96189142,9.463563115399369,6.8953368869,52.62363432,44.244234848
MCKINLEY PARK,McKinley Park,59,,,,,,8.697650844761368,68.18511447406017,14.16181374266841,85030.15892961032,38415.09503959814,11.04650613329835,82.1047563,75.634141391,2.745422239645709,0.4330725479539762,59.73476354929382,39.89461038,9.38523590086623,9.3634405659,33.010099329,26.920660519
LAKE VIEW,Lake View,6,21.0,21.0,33.0,27.0,25.0,3.341390154885669,4.649422723219442,8.177883673684699,121377.3349557486,91201.95583361431,3.505837707494956,70.321148171,78.219370333,1.089718749515597,0.2053053743953281,36.84219577276858,0.0,8.927360163456761,5.0925769854,17.816677624,23.662534952
BRIDGEPORT,Bridgeport,60,,,,,0.0,5.982019267074422,58.87446210868492,17.84448309543927,77773.97644318096,41884.13795904742,6.559567479264532,69.929901981,78.823226014,3.487270488948258,0.245913720008374,37.11201279064721,7.239494768,9.328993876877208,5.7761080664,28.592432934,27.651663196
NEW CITY,New City,61,9.0,8.0,10.0,7.0,8.0,12.54471950030268,86.88171534851527,27.08528478539585,57802.12297779982,23657.29178878109,17.93433789788908,69.304365389,76.021672429,6.915647504016155,1.073884111417012,45.02492429213087,81.84416391,9.420513230766884,14.301228844,39.654448009,35.781860889
WEST ELSDON,West Elsdon,62,,,,6.0,,6.683092347937352,77.06944013418908,10.90822498749382,77751.55750530158,32213.4953429723,9.81395991111261,79.939573227,74.369724809,5.753156353646469,0.2585915082429884,61.83096460811645,0.0,9.55951946274053,8.3008902373,37.385950254,46.071868099
GAGE PARK,Gage Park,63,,6.0,,5.0,5.0,11.47996796072689,89.96970597028124,15.48909016676038,62322.79043974873,23839.99823155553,17.12201193056633,74.431578526,82.145838629,9.483788436852075,0.6979369248396536,46.19938562260124,67.02371148,9.518040504071141,9.8399566236,35.666165218,46.462690562
CLEARING,Clearing,64,0.0,,,,0.0,6.412930752131796,56.87433432202317,8.050440864009609,80699.66444176168,36031.9340960573,8.330739308030287,73.728822389,87.292241419,3.59881889742467,0.8298161521924656,56.13762614649148,0.0,9.623006424558863,10.568723071,32.867259626,39.717986423
WEST LAWN,West Lawn,65,,,,6.0,,8.120042742741415,83.82045609652131,17.78753351978725,69578.52804161936,26884.85981972279,15.01110969343334,84.027992762,84.941025823,7.626983738608077,0.6714146269470899,56.32928450728974,69.22804643,9.617468033126015,,42.171405516,44.867164885
CHICAGO LAWN,Chicago Lawn,66,13.0,18.0,11.0,9.0,13.0,11.7275848278105,87.55035998920116,21.18835784130739,54010.64085863392,24539.72755275168,15.54136204049664,78.326391966,79.086509715,4.982888189083634,1.379691452057995,58.22426266687034,86.70892877,9.569830879380795,17.143361421,54.895006836,50.835616908
WEST ENGLEWOOD,West Englewood,67,15.0,14.0,15.0,13.0,17.0,17.60733811158382,91.89449168882683,31.99288761871559,41909.08573887645,20909.50629763422,18.58741299328246,79.366748105,71.676108601,3.82307095122962,1.737480456234784,63.67397254009128,73.00870302,9.520016000232085,12.964218006,45.528082352,47.737702919
ENGLEWOOD,Englewood,68,15.0,11.0,12.0,9.0,10.0,22.97184410195921,93.08914302542058,33.43518239763257,32084.86186129693,19894.69956614879,12.24788416132527,79.022091038,72.523407465,1.450310085965318,2.306841299453565,56.3486600907614,73.42770567,9.478973294586979,18.665770826,42.551080651,37.721238026
GREATER GRAND CROSSING,Greater Grand Crossing,69,24.0,14.0,21.0,7.0,5.0,17.23573980716827,87.60751709176671,29.79081343757712,42358.17755582547,25901.1329205841,9.76364485280836,83.388533576,82.382397702,1.992942400525121,2.267360592353568,54.72192405474082,56.37764138,9.473822574715824,14.768793565,40.606585359,46.850848479
LINCOLN PARK,Lincoln Park,7,6.0,,5.0,,7.0,4.480377851928323,2.476963814413286,8.536916233911812,156895.9240216817,113985.3294085392,2.141406018401006,85.150441474,86.915913367,1.014123579058255,0.2795519670180339,36.88564157629135,0.0,9.00417316476701,,8.6930472916,25.050156153
ASHBURN,Ashburn,70,5.0,,,7.0,9.0,9.684967525493473,72.40126365087322,11.16970473753626,83932.28062293658,30948.45365248387,12.24167053513782,67.260692824,80.918481708,2.925148828854347,1.268743962968743,51.7806115234831,38.1773615,9.637522552112719,7.394194015,31.198405581,51.36309709
AUBURN GRESHAM,Auburn Gresham,71,12.0,17.0,9.0,16.0,16.0,17.37831914123005,88.92902119240028,28.01034327487869,48296.85167320638,25602.36310697248,9.263591846594137,92.36447222,87.132915749,3.784996431792248,2.48871285063472,53.24537424911244,69.32477981,9.582208851470874,21.036210072,27.17899957,45.10353378
BEVERLY,Beverly,72,,0.0,,0.0,0.0,8.700747769627622,32.22261182162868,5.844942516786245,130925.6331127024,62627.97754281978,2.599226719491731,87.148432538,94.152971573,0.6218810998007164,0.495182796422148,33.93707588763261,0.0,9.66541042741069,4.8139008744,20.977655626,32.994189477
WASHINGTON HEIGHTS,Washington Heights,73,13.0,9.0,6.0,6.0,10.0,12.22608507529176,70.85325518988292,16.24532510547707,64755.74300878484,31934.63992491614,6.375623852808365,80.883611103,80.531381602,0.6619815608054571,1.374346537155205,59.46606655750336,51.32315527,9.634029494240664,18.49024951,49.555228949,46.916430176
MOUNT GREENWOOD,Mount Greenwood,74,0.0,0.0,0.0,0.0,,4.261743811789738,26.43142148182423,5.374587826358155,112562.2842784358,51877.16279038208,3.936663814621191,89.055223006,91.344598167,1.511884856802271,1.084674571136844,35.18632889583348,0.0,9.720878010235806,8.1662452925,33.287876663,37.181379584
MORGAN PARK,Morgan Park,75,5.0,7.0,,,,9.74391662231044,60.57053749495778,17.9109791543425,72941.34692784907,39279.87486535832,5.567730773971582,72.610679708,83.721877206,1.18916752073445,1.181363537089114,57.28996483622775,0.0,9.708487615409704,12.677242165,39.131251143,46.452187374
OHARE,O'Hare,76,,0.0,,,5.0,4.214252007220683,38.69296294310124,8.41023295172622,81993.49818106442,48126.86789326415,14.17754569908488,78.176129295,83.588055924,5.421851603547764,0.4554799226801089,34.66776913559364,0.0,9.12909798870507,8.7553130166,18.81995256,32.327786112
EDGEWATER,Edgewater,77,23.0,11.0,19.0,22.0,35.0,7.978021397501126,40.40650499149564,16.3940753607442,75774.40968629313,55837.42127581661,10.45107351110783,73.42920743,85.021063927,3.781555442754793,0.4536827159049565,46.73399053384328,0.0,8.760490001508694,10.168982212,20.622394141,31.210377675
NEAR NORTH SIDE,Near North Side,8,12.0,12.0,10.0,11.0,18.0,3.335786047821979,3.402424707356466,9.622477520972243,125101.3268858388,121937.779641326,3.284745205934139,74.17315119,74.428788761,1.863604088867278,0.4121936047701666,36.58771428224004,0.0,9.07259161874904,2.2738683534,14.298524716,12.525588374
EDISON PARK,Edison Park,9,0.0,0.0,0.0,,0.0,3.379030511921095,12.13244038866351,8.120875814557536,130127.7319841712,66794.56325674786,1.779494825498186,81.552050036,88.569960366,1.549754603838807,0.1000231575557213,45.2039354514985,0.0,8.913872687705629,9.7194323811,21.841567985,23.161109521
